split,patient,recording,annotation_local,edf_remote,edf_local
dev,aaaaaewf,aaaaaewf_s001_t001,data/metadata/tusz_annotations/dev/aaaaaewf/s001_2006/02_tcp_le/aaaaaewf_s001_t001.csv,dev/aaaaaewf/s001_2006/02_tcp_le/aaaaaewf_s001_t001.edf,data/raw/tusz_edf/dev/aaaaaewf/s001_2006/02_tcp_le/aaaaaewf_s001_t001.edf
dev,aaaaaewf,aaaaaewf_s003_t000,data/metadata/tusz_annotations/dev/aaaaaewf/s003_2015/01_tcp_ar/aaaaaewf_s003_t000.csv,dev/aaaaaewf/s003_2015/01_tcp_ar/aaaaaewf_s003_t000.edf,data/raw/tusz_edf/dev/aaaaaewf/s003_2015/01_tcp_ar/aaaaaewf_s003_t000.edf
dev,aaaaaexe,aaaaaexe_s001_t001,data/metadata/tusz_annotations/dev/aaaaaexe/s001_2006/02_tcp_le/aaaaaexe_s001_t001.csv,dev/aaaaaexe/s001_2006/02_tcp_le/aaaaaexe_s001_t001.edf,data/raw/tusz_edf/dev/aaaaaexe/s001_2006/02_tcp_le/aaaaaexe_s001_t001.edf
dev,aaaaagbf,aaaaagbf_s001_t000,data/metadata/tusz_annotations/dev/aaaaagbf/s001_2007/02_tcp_le/aaaaagbf_s001_t000.csv,dev/aaaaagbf/s001_2007/02_tcp_le/aaaaagbf_s001_t000.edf,data/raw/tusz_edf/dev/aaaaagbf/s001_2007/02_tcp_le/aaaaagbf_s001_t000.edf
dev,aaaaahie,aaaaahie_s007_t002,data/metadata/tusz_annotations/dev/aaaaahie/s007_2014/01_tcp_ar/aaaaahie_s007_t002.csv,dev/aaaaahie/s007_2014/01_tcp_ar/aaaaahie_s007_t002.edf,data/raw/tusz_edf/dev/aaaaahie/s007_2014/01_tcp_ar/aaaaahie_s007_t002.edf
dev,aaaaahie,aaaaahie_s007_t011,data/metadata/tusz_annotations/dev/aaaaahie/s007_2014/01_tcp_ar/aaaaahie_s007_t011.csv,dev/aaaaahie/s007_2014/01_tcp_ar/aaaaahie_s007_t011.edf,data/raw/tusz_edf/dev/aaaaahie/s007_2014/01_tcp_ar/aaaaahie_s007_t011.edf
dev,aaaaahie,aaaaahie_s007_t014,data/metadata/tusz_annotations/dev/aaaaahie/s007_2014/01_tcp_ar/aaaaahie_s007_t014.csv,dev/aaaaahie/s007_2014/01_tcp_ar/aaaaahie_s007_t014.edf,data/raw/tusz_edf/dev/aaaaahie/s007_2014/01_tcp_ar/aaaaahie_s007_t014.edf
dev,aaaaahie,aaaaahie_s007_t018,data/metadata/tusz_annotations/dev/aaaaahie/s007_2014/01_tcp_ar/aaaaahie_s007_t018.csv,dev/aaaaahie/s007_2014/01_tcp_ar/aaaaahie_s007_t018.edf,data/raw/tusz_edf/dev/aaaaahie/s007_2014/01_tcp_ar/aaaaahie_s007_t018.edf
dev,aaaaahie,aaaaahie_s007_t026,data/metadata/tusz_annotations/dev/aaaaahie/s007_2014/01_tcp_ar/aaaaahie_s007_t026.csv,dev/aaaaahie/s007_2014/01_tcp_ar/aaaaahie_s007_t026.edf,data/raw/tusz_edf/dev/aaaaahie/s007_2014/01_tcp_ar/aaaaahie_s007_t026.edf
dev,aaaaahie,aaaaahie_s007_t027,data/metadata/tusz_annotations/dev/aaaaahie/s007_2014/01_tcp_ar/aaaaahie_s007_t027.csv,dev/aaaaahie/s007_2014/01_tcp_ar/aaaaahie_s007_t027.edf,data/raw/tusz_edf/dev/aaaaahie/s007_2014/01_tcp_ar/aaaaahie_s007_t027.edf
dev,aaaaahie,aaaaahie_s007_t030,data/metadata/tusz_annotations/dev/aaaaahie/s007_2014/01_tcp_ar/aaaaahie_s007_t030.csv,dev/aaaaahie/s007_2014/01_tcp_ar/aaaaahie_s007_t030.edf,data/raw/tusz_edf/dev/aaaaahie/s007_2014/01_tcp_ar/aaaaahie_s007_t030.edf
dev,aaaaahie,aaaaahie_s007_t032,data/metadata/tusz_annotations/dev/aaaaahie/s007_2014/01_tcp_ar/aaaaahie_s007_t032.csv,dev/aaaaahie/s007_2014/01_tcp_ar/aaaaahie_s007_t032.edf,data/raw/tusz_edf/dev/aaaaahie/s007_2014/01_tcp_ar/aaaaahie_s007_t032.edf
dev,aaaaahie,aaaaahie_s007_t033,data/metadata/tusz_annotations/dev/aaaaahie/s007_2014/01_tcp_ar/aaaaahie_s007_t033.csv,dev/aaaaahie/s007_2014/01_tcp_ar/aaaaahie_s007_t033.edf,data/raw/tusz_edf/dev/aaaaahie/s007_2014/01_tcp_ar/aaaaahie_s007_t033.edf
dev,aaaaahie,aaaaahie_s007_t035,data/metadata/tusz_annotations/dev/aaaaahie/s007_2014/01_tcp_ar/aaaaahie_s007_t035.csv,dev/aaaaahie/s007_2014/01_tcp_ar/aaaaahie_s007_t035.edf,data/raw/tusz_edf/dev/aaaaahie/s007_2014/01_tcp_ar/aaaaahie_s007_t035.edf
dev,aaaaahie,aaaaahie_s007_t036,data/metadata/tusz_annotations/dev/aaaaahie/s007_2014/01_tcp_ar/aaaaahie_s007_t036.csv,dev/aaaaahie/s007_2014/01_tcp_ar/aaaaahie_s007_t036.edf,data/raw/tusz_edf/dev/aaaaahie/s007_2014/01_tcp_ar/aaaaahie_s007_t036.edf
dev,aaaaahie,aaaaahie_s007_t038,data/metadata/tusz_annotations/dev/aaaaahie/s007_2014/01_tcp_ar/aaaaahie_s007_t038.csv,dev/aaaaahie/s007_2014/01_tcp_ar/aaaaahie_s007_t038.edf,data/raw/tusz_edf/dev/aaaaahie/s007_2014/01_tcp_ar/aaaaahie_s007_t038.edf
dev,aaaaahie,aaaaahie_s007_t041,data/metadata/tusz_annotations/dev/aaaaahie/s007_2014/01_tcp_ar/aaaaahie_s007_t041.csv,dev/aaaaahie/s007_2014/01_tcp_ar/aaaaahie_s007_t041.edf,data/raw/tusz_edf/dev/aaaaahie/s007_2014/01_tcp_ar/aaaaahie_s007_t041.edf
dev,aaaaahie,aaaaahie_s008_t003,data/metadata/tusz_annotations/dev/aaaaahie/s008_2014/01_tcp_ar/aaaaahie_s008_t003.csv,dev/aaaaahie/s008_2014/01_tcp_ar/aaaaahie_s008_t003.edf,data/raw/tusz_edf/dev/aaaaahie/s008_2014/01_tcp_ar/aaaaahie_s008_t003.edf
dev,aaaaahie,aaaaahie_s009_t001,data/metadata/tusz_annotations/dev/aaaaahie/s009_2014/01_tcp_ar/aaaaahie_s009_t001.csv,dev/aaaaahie/s009_2014/01_tcp_ar/aaaaahie_s009_t001.edf,data/raw/tusz_edf/dev/aaaaahie/s009_2014/01_tcp_ar/aaaaahie_s009_t001.edf
dev,aaaaahie,aaaaahie_s009_t002,data/metadata/tusz_annotations/dev/aaaaahie/s009_2014/01_tcp_ar/aaaaahie_s009_t002.csv,dev/aaaaahie/s009_2014/01_tcp_ar/aaaaahie_s009_t002.edf,data/raw/tusz_edf/dev/aaaaahie/s009_2014/01_tcp_ar/aaaaahie_s009_t002.edf
dev,aaaaahie,aaaaahie_s011_t001,data/metadata/tusz_annotations/dev/aaaaahie/s011_2014/03_tcp_ar_a/aaaaahie_s011_t001.csv,dev/aaaaahie/s011_2014/03_tcp_ar_a/aaaaahie_s011_t001.edf,data/raw/tusz_edf/dev/aaaaahie/s011_2014/03_tcp_ar_a/aaaaahie_s011_t001.edf
dev,aaaaahie,aaaaahie_s018_t000,data/metadata/tusz_annotations/dev/aaaaahie/s018_2016/01_tcp_ar/aaaaahie_s018_t000.csv,dev/aaaaahie/s018_2016/01_tcp_ar/aaaaahie_s018_t000.edf,data/raw/tusz_edf/dev/aaaaahie/s018_2016/01_tcp_ar/aaaaahie_s018_t000.edf
dev,aaaaahie,aaaaahie_s018_t001,data/metadata/tusz_annotations/dev/aaaaahie/s018_2016/01_tcp_ar/aaaaahie_s018_t001.csv,dev/aaaaahie/s018_2016/01_tcp_ar/aaaaahie_s018_t001.edf,data/raw/tusz_edf/dev/aaaaahie/s018_2016/01_tcp_ar/aaaaahie_s018_t001.edf
dev,aaaaahie,aaaaahie_s021_t004,data/metadata/tusz_annotations/dev/aaaaahie/s021_2016/01_tcp_ar/aaaaahie_s021_t004.csv,dev/aaaaahie/s021_2016/01_tcp_ar/aaaaahie_s021_t004.edf,data/raw/tusz_edf/dev/aaaaahie/s021_2016/01_tcp_ar/aaaaahie_s021_t004.edf
dev,aaaaaict,aaaaaict_s003_t000,data/metadata/tusz_annotations/dev/aaaaaict/s003_2011/01_tcp_ar/aaaaaict_s003_t000.csv,dev/aaaaaict/s003_2011/01_tcp_ar/aaaaaict_s003_t000.edf,data/raw/tusz_edf/dev/aaaaaict/s003_2011/01_tcp_ar/aaaaaict_s003_t000.edf
dev,aaaaaiup,aaaaaiup_s001_t000,data/metadata/tusz_annotations/dev/aaaaaiup/s001_2009/02_tcp_le/aaaaaiup_s001_t000.csv,dev/aaaaaiup/s001_2009/02_tcp_le/aaaaaiup_s001_t000.edf,data/raw/tusz_edf/dev/aaaaaiup/s001_2009/02_tcp_le/aaaaaiup_s001_t000.edf
dev,aaaaamck,aaaaamck_s001_t001,data/metadata/tusz_annotations/dev/aaaaamck/s001_2011/01_tcp_ar/aaaaamck_s001_t001.csv,dev/aaaaamck/s001_2011/01_tcp_ar/aaaaamck_s001_t001.edf,data/raw/tusz_edf/dev/aaaaamck/s001_2011/01_tcp_ar/aaaaamck_s001_t001.edf
dev,aaaaamnk,aaaaamnk_s002_t002,data/metadata/tusz_annotations/dev/aaaaamnk/s002_2012/01_tcp_ar/aaaaamnk_s002_t002.csv,dev/aaaaamnk/s002_2012/01_tcp_ar/aaaaamnk_s002_t002.edf,data/raw/tusz_edf/dev/aaaaamnk/s002_2012/01_tcp_ar/aaaaamnk_s002_t002.edf
dev,aaaaampk,aaaaampk_s010_t009,data/metadata/tusz_annotations/dev/aaaaampk/s010_2012/01_tcp_ar/aaaaampk_s010_t009.csv,dev/aaaaampk/s010_2012/01_tcp_ar/aaaaampk_s010_t009.edf,data/raw/tusz_edf/dev/aaaaampk/s010_2012/01_tcp_ar/aaaaampk_s010_t009.edf
dev,aaaaampk,aaaaampk_s010_t012,data/metadata/tusz_annotations/dev/aaaaampk/s010_2012/01_tcp_ar/aaaaampk_s010_t012.csv,dev/aaaaampk/s010_2012/01_tcp_ar/aaaaampk_s010_t012.edf,data/raw/tusz_edf/dev/aaaaampk/s010_2012/01_tcp_ar/aaaaampk_s010_t012.edf
dev,aaaaamqq,aaaaamqq_s004_t006,data/metadata/tusz_annotations/dev/aaaaamqq/s004_2012/01_tcp_ar/aaaaamqq_s004_t006.csv,dev/aaaaamqq/s004_2012/01_tcp_ar/aaaaamqq_s004_t006.edf,data/raw/tusz_edf/dev/aaaaamqq/s004_2012/01_tcp_ar/aaaaamqq_s004_t006.edf
dev,aaaaamqq,aaaaamqq_s007_t001,data/metadata/tusz_annotations/dev/aaaaamqq/s007_2012/01_tcp_ar/aaaaamqq_s007_t001.csv,dev/aaaaamqq/s007_2012/01_tcp_ar/aaaaamqq_s007_t001.edf,data/raw/tusz_edf/dev/aaaaamqq/s007_2012/01_tcp_ar/aaaaamqq_s007_t001.edf
dev,aaaaamqq,aaaaamqq_s007_t003,data/metadata/tusz_annotations/dev/aaaaamqq/s007_2012/01_tcp_ar/aaaaamqq_s007_t003.csv,dev/aaaaamqq/s007_2012/01_tcp_ar/aaaaamqq_s007_t003.edf,data/raw/tusz_edf/dev/aaaaamqq/s007_2012/01_tcp_ar/aaaaamqq_s007_t003.edf
dev,aaaaamta,aaaaamta_s001_t000,data/metadata/tusz_annotations/dev/aaaaamta/s001_2012/01_tcp_ar/aaaaamta_s001_t000.csv,dev/aaaaamta/s001_2012/01_tcp_ar/aaaaamta_s001_t000.edf,data/raw/tusz_edf/dev/aaaaamta/s001_2012/01_tcp_ar/aaaaamta_s001_t000.edf
dev,aaaaaopm,aaaaaopm_s002_t001,data/metadata/tusz_annotations/dev/aaaaaopm/s002_2013/01_tcp_ar/aaaaaopm_s002_t001.csv,dev/aaaaaopm/s002_2013/01_tcp_ar/aaaaaopm_s002_t001.edf,data/raw/tusz_edf/dev/aaaaaopm/s002_2013/01_tcp_ar/aaaaaopm_s002_t001.edf
dev,aaaaaqrs,aaaaaqrs_s001_t001,data/metadata/tusz_annotations/dev/aaaaaqrs/s001_2014/01_tcp_ar/aaaaaqrs_s001_t001.csv,dev/aaaaaqrs/s001_2014/01_tcp_ar/aaaaaqrs_s001_t001.edf,data/raw/tusz_edf/dev/aaaaaqrs/s001_2014/01_tcp_ar/aaaaaqrs_s001_t001.edf
dev,aaaaarsp,aaaaarsp_s002_t000,data/metadata/tusz_annotations/dev/aaaaarsp/s002_2014/03_tcp_ar_a/aaaaarsp_s002_t000.csv,dev/aaaaarsp/s002_2014/03_tcp_ar_a/aaaaarsp_s002_t000.edf,data/raw/tusz_edf/dev/aaaaarsp/s002_2014/03_tcp_ar_a/aaaaarsp_s002_t000.edf
dev,aaaaarsp,aaaaarsp_s002_t021,data/metadata/tusz_annotations/dev/aaaaarsp/s002_2014/03_tcp_ar_a/aaaaarsp_s002_t021.csv,dev/aaaaarsp/s002_2014/03_tcp_ar_a/aaaaarsp_s002_t021.edf,data/raw/tusz_edf/dev/aaaaarsp/s002_2014/03_tcp_ar_a/aaaaarsp_s002_t021.edf
dev,aaaaarsp,aaaaarsp_s002_t027,data/metadata/tusz_annotations/dev/aaaaarsp/s002_2014/03_tcp_ar_a/aaaaarsp_s002_t027.csv,dev/aaaaarsp/s002_2014/03_tcp_ar_a/aaaaarsp_s002_t027.edf,data/raw/tusz_edf/dev/aaaaarsp/s002_2014/03_tcp_ar_a/aaaaarsp_s002_t027.edf
dev,aaaaarsp,aaaaarsp_s002_t029,data/metadata/tusz_annotations/dev/aaaaarsp/s002_2014/03_tcp_ar_a/aaaaarsp_s002_t029.csv,dev/aaaaarsp/s002_2014/03_tcp_ar_a/aaaaarsp_s002_t029.edf,data/raw/tusz_edf/dev/aaaaarsp/s002_2014/03_tcp_ar_a/aaaaarsp_s002_t029.edf
dev,aaaaarsp,aaaaarsp_s002_t030,data/metadata/tusz_annotations/dev/aaaaarsp/s002_2014/03_tcp_ar_a/aaaaarsp_s002_t030.csv,dev/aaaaarsp/s002_2014/03_tcp_ar_a/aaaaarsp_s002_t030.edf,data/raw/tusz_edf/dev/aaaaarsp/s002_2014/03_tcp_ar_a/aaaaarsp_s002_t030.edf
dev,aaaaasgd,aaaaasgd_s001_t000,data/metadata/tusz_annotations/dev/aaaaasgd/s001_2015/01_tcp_ar/aaaaasgd_s001_t000.csv,dev/aaaaasgd/s001_2015/01_tcp_ar/aaaaasgd_s001_t000.edf,data/raw/tusz_edf/dev/aaaaasgd/s001_2015/01_tcp_ar/aaaaasgd_s001_t000.edf
dev,aaaaaskf,aaaaaskf_s001_t000,data/metadata/tusz_annotations/dev/aaaaaskf/s001_2014/03_tcp_ar_a/aaaaaskf_s001_t000.csv,dev/aaaaaskf/s001_2014/03_tcp_ar_a/aaaaaskf_s001_t000.edf,data/raw/tusz_edf/dev/aaaaaskf/s001_2014/03_tcp_ar_a/aaaaaskf_s001_t000.edf
dev,aaaaaskf,aaaaaskf_s001_t001,data/metadata/tusz_annotations/dev/aaaaaskf/s001_2014/03_tcp_ar_a/aaaaaskf_s001_t001.csv,dev/aaaaaskf/s001_2014/03_tcp_ar_a/aaaaaskf_s001_t001.edf,data/raw/tusz_edf/dev/aaaaaskf/s001_2014/03_tcp_ar_a/aaaaaskf_s001_t001.edf
dev,aaaaatgc,aaaaatgc_s002_t000,data/metadata/tusz_annotations/dev/aaaaatgc/s002_2015/01_tcp_ar/aaaaatgc_s002_t000.csv,dev/aaaaatgc/s002_2015/01_tcp_ar/aaaaatgc_s002_t000.edf,data/raw/tusz_edf/dev/aaaaatgc/s002_2015/01_tcp_ar/aaaaatgc_s002_t000.edf
eval,aaaaaarq,aaaaaarq_s014_t009,data/metadata/tusz_annotations/eval/aaaaaarq/s014_2014/01_tcp_ar/aaaaaarq_s014_t009.csv,eval/aaaaaarq/s014_2014/01_tcp_ar/aaaaaarq_s014_t009.edf,data/raw/tusz_edf/eval/aaaaaarq/s014_2014/01_tcp_ar/aaaaaarq_s014_t009.edf
eval,aaaaardf,aaaaardf_s001_t001,data/metadata/tusz_annotations/eval/aaaaardf/s001_2014/01_tcp_ar/aaaaardf_s001_t001.csv,eval/aaaaardf/s001_2014/01_tcp_ar/aaaaardf_s001_t001.edf,data/raw/tusz_edf/eval/aaaaardf/s001_2014/01_tcp_ar/aaaaardf_s001_t001.edf
eval,aaaaardf,aaaaardf_s003_t000,data/metadata/tusz_annotations/eval/aaaaardf/s003_2014/01_tcp_ar/aaaaardf_s003_t000.csv,eval/aaaaardf/s003_2014/01_tcp_ar/aaaaardf_s003_t000.edf,data/raw/tusz_edf/eval/aaaaardf/s003_2014/01_tcp_ar/aaaaardf_s003_t000.edf
eval,aaaaarnq,aaaaarnq_s002_t001,data/metadata/tusz_annotations/eval/aaaaarnq/s002_2014/01_tcp_ar/aaaaarnq_s002_t001.csv,eval/aaaaarnq/s002_2014/01_tcp_ar/aaaaarnq_s002_t001.edf,data/raw/tusz_edf/eval/aaaaarnq/s002_2014/01_tcp_ar/aaaaarnq_s002_t001.edf
eval,aaaaarnq,aaaaarnq_s002_t002,data/metadata/tusz_annotations/eval/aaaaarnq/s002_2014/01_tcp_ar/aaaaarnq_s002_t002.csv,eval/aaaaarnq/s002_2014/01_tcp_ar/aaaaarnq_s002_t002.edf,data/raw/tusz_edf/eval/aaaaarnq/s002_2014/01_tcp_ar/aaaaarnq_s002_t002.edf
eval,aaaaarpu,aaaaarpu_s001_t004,data/metadata/tusz_annotations/eval/aaaaarpu/s001_2014/01_tcp_ar/aaaaarpu_s001_t004.csv,eval/aaaaarpu/s001_2014/01_tcp_ar/aaaaarpu_s001_t004.edf,data/raw/tusz_edf/eval/aaaaarpu/s001_2014/01_tcp_ar/aaaaarpu_s001_t004.edf
eval,aaaaasip,aaaaasip_s004_t000,data/metadata/tusz_annotations/eval/aaaaasip/s004_2015/01_tcp_ar/aaaaasip_s004_t000.csv,eval/aaaaasip/s004_2015/01_tcp_ar/aaaaasip_s004_t000.edf,data/raw/tusz_edf/eval/aaaaasip/s004_2015/01_tcp_ar/aaaaasip_s004_t000.edf
eval,aaaaasjz,aaaaasjz_s001_t000,data/metadata/tusz_annotations/eval/aaaaasjz/s001_2014/01_tcp_ar/aaaaasjz_s001_t000.csv,eval/aaaaasjz/s001_2014/01_tcp_ar/aaaaasjz_s001_t000.edf,data/raw/tusz_edf/eval/aaaaasjz/s001_2014/01_tcp_ar/aaaaasjz_s001_t000.edf
train,aaaaaacz,aaaaaacz_s006_t000,data/metadata/tusz_annotations/train/aaaaaacz/s006_2015/03_tcp_ar_a/aaaaaacz_s006_t000.csv,train/aaaaaacz/s006_2015/03_tcp_ar_a/aaaaaacz_s006_t000.edf,data/raw/tusz_edf/train/aaaaaacz/s006_2015/03_tcp_ar_a/aaaaaacz_s006_t000.edf
train,aaaaaauj,aaaaaauj_s003_t001,data/metadata/tusz_annotations/train/aaaaaauj/s003_2003/02_tcp_le/aaaaaauj_s003_t001.csv,train/aaaaaauj/s003_2003/02_tcp_le/aaaaaauj_s003_t001.edf,data/raw/tusz_edf/train/aaaaaauj/s003_2003/02_tcp_le/aaaaaauj_s003_t001.edf
train,aaaaabdv,aaaaabdv_s001_t001,data/metadata/tusz_annotations/train/aaaaabdv/s001_2003/02_tcp_le/aaaaabdv_s001_t001.csv,train/aaaaabdv/s001_2003/02_tcp_le/aaaaabdv_s001_t001.edf,data/raw/tusz_edf/train/aaaaabdv/s001_2003/02_tcp_le/aaaaabdv_s001_t001.edf
train,aaaaabyy,aaaaabyy_s001_t001,data/metadata/tusz_annotations/train/aaaaabyy/s001_2004/02_tcp_le/aaaaabyy_s001_t001.csv,train/aaaaabyy/s001_2004/02_tcp_le/aaaaabyy_s001_t001.edf,data/raw/tusz_edf/train/aaaaabyy/s001_2004/02_tcp_le/aaaaabyy_s001_t001.edf
train,aaaaacrb,aaaaacrb_s001_t001,data/metadata/tusz_annotations/train/aaaaacrb/s001_2004/02_tcp_le/aaaaacrb_s001_t001.csv,train/aaaaacrb/s001_2004/02_tcp_le/aaaaacrb_s001_t001.edf,data/raw/tusz_edf/train/aaaaacrb/s001_2004/02_tcp_le/aaaaacrb_s001_t001.edf
train,aaaaacsx,aaaaacsx_s001_t000,data/metadata/tusz_annotations/train/aaaaacsx/s001_2004/02_tcp_le/aaaaacsx_s001_t000.csv,train/aaaaacsx/s001_2004/02_tcp_le/aaaaacsx_s001_t000.edf,data/raw/tusz_edf/train/aaaaacsx/s001_2004/02_tcp_le/aaaaacsx_s001_t000.edf
train,aaaaaegi,aaaaaegi_s003_t000,data/metadata/tusz_annotations/train/aaaaaegi/s003_2013/01_tcp_ar/aaaaaegi_s003_t000.csv,train/aaaaaegi/s003_2013/01_tcp_ar/aaaaaegi_s003_t000.edf,data/raw/tusz_edf/train/aaaaaegi/s003_2013/01_tcp_ar/aaaaaegi_s003_t000.edf
train,aaaaaetk,aaaaaetk_s001_t002,data/metadata/tusz_annotations/train/aaaaaetk/s001_2006/02_tcp_le/aaaaaetk_s001_t002.csv,train/aaaaaetk/s001_2006/02_tcp_le/aaaaaetk_s001_t002.edf,data/raw/tusz_edf/train/aaaaaetk/s001_2006/02_tcp_le/aaaaaetk_s001_t002.edf
train,aaaaaftk,aaaaaftk_s002_t001,data/metadata/tusz_annotations/train/aaaaaftk/s002_2007/02_tcp_le/aaaaaftk_s002_t001.csv,train/aaaaaftk/s002_2007/02_tcp_le/aaaaaftk_s002_t001.edf,data/raw/tusz_edf/train/aaaaaftk/s002_2007/02_tcp_le/aaaaaftk_s002_t001.edf
train,aaaaafzt,aaaaafzt_s003_t000,data/metadata/tusz_annotations/train/aaaaafzt/s003_2013/01_tcp_ar/aaaaafzt_s003_t000.csv,train/aaaaafzt/s003_2013/01_tcp_ar/aaaaafzt_s003_t000.edf,data/raw/tusz_edf/train/aaaaafzt/s003_2013/01_tcp_ar/aaaaafzt_s003_t000.edf
train,aaaaagcs,aaaaagcs_s002_t000,data/metadata/tusz_annotations/train/aaaaagcs/s002_2008/02_tcp_le/aaaaagcs_s002_t000.csv,train/aaaaagcs/s002_2008/02_tcp_le/aaaaagcs_s002_t000.edf,data/raw/tusz_edf/train/aaaaagcs/s002_2008/02_tcp_le/aaaaagcs_s002_t000.edf
train,aaaaajat,aaaaajat_s005_t001,data/metadata/tusz_annotations/train/aaaaajat/s005_2010/01_tcp_ar/aaaaajat_s005_t001.csv,train/aaaaajat/s005_2010/01_tcp_ar/aaaaajat_s005_t001.edf,data/raw/tusz_edf/train/aaaaajat/s005_2010/01_tcp_ar/aaaaajat_s005_t001.edf
train,aaaaajcd,aaaaajcd_s001_t000,data/metadata/tusz_annotations/train/aaaaajcd/s001_2009/02_tcp_le/aaaaajcd_s001_t000.csv,train/aaaaajcd/s001_2009/02_tcp_le/aaaaajcd_s001_t000.edf,data/raw/tusz_edf/train/aaaaajcd/s001_2009/02_tcp_le/aaaaajcd_s001_t000.edf
train,aaaaalaw,aaaaalaw_s003_t000,data/metadata/tusz_annotations/train/aaaaalaw/s003_2013/01_tcp_ar/aaaaalaw_s003_t000.csv,train/aaaaalaw/s003_2013/01_tcp_ar/aaaaalaw_s003_t000.edf,data/raw/tusz_edf/train/aaaaalaw/s003_2013/01_tcp_ar/aaaaalaw_s003_t000.edf
train,aaaaalfs,aaaaalfs_s001_t000,data/metadata/tusz_annotations/train/aaaaalfs/s001_2010/03_tcp_ar_a/aaaaalfs_s001_t000.csv,train/aaaaalfs/s001_2010/03_tcp_ar_a/aaaaalfs_s001_t000.edf,data/raw/tusz_edf/train/aaaaalfs/s001_2010/03_tcp_ar_a/aaaaalfs_s001_t000.edf
train,aaaaalfs,aaaaalfs_s002_t000,data/metadata/tusz_annotations/train/aaaaalfs/s002_2010/03_tcp_ar_a/aaaaalfs_s002_t000.csv,train/aaaaalfs/s002_2010/03_tcp_ar_a/aaaaalfs_s002_t000.edf,data/raw/tusz_edf/train/aaaaalfs/s002_2010/03_tcp_ar_a/aaaaalfs_s002_t000.edf
train,aaaaalfs,aaaaalfs_s004_t000,data/metadata/tusz_annotations/train/aaaaalfs/s004_2011/01_tcp_ar/aaaaalfs_s004_t000.csv,train/aaaaalfs/s004_2011/01_tcp_ar/aaaaalfs_s004_t000.edf,data/raw/tusz_edf/train/aaaaalfs/s004_2011/01_tcp_ar/aaaaalfs_s004_t000.edf
train,aaaaalhf,aaaaalhf_s001_t000,data/metadata/tusz_annotations/train/aaaaalhf/s001_2011/02_tcp_le/aaaaalhf_s001_t000.csv,train/aaaaalhf/s001_2011/02_tcp_le/aaaaalhf_s001_t000.edf,data/raw/tusz_edf/train/aaaaalhf/s001_2011/02_tcp_le/aaaaalhf_s001_t000.edf
train,aaaaalpj,aaaaalpj_s002_t001,data/metadata/tusz_annotations/train/aaaaalpj/s002_2011/02_tcp_le/aaaaalpj_s002_t001.csv,train/aaaaalpj/s002_2011/02_tcp_le/aaaaalpj_s002_t001.edf,data/raw/tusz_edf/train/aaaaalpj/s002_2011/02_tcp_le/aaaaalpj_s002_t001.edf
train,aaaaamiz,aaaaamiz_s001_t000,data/metadata/tusz_annotations/train/aaaaamiz/s001_2011/01_tcp_ar/aaaaamiz_s001_t000.csv,train/aaaaamiz/s001_2011/01_tcp_ar/aaaaamiz_s001_t000.edf,data/raw/tusz_edf/train/aaaaamiz/s001_2011/01_tcp_ar/aaaaamiz_s001_t000.edf
train,aaaaamtj,aaaaamtj_s001_t000,data/metadata/tusz_annotations/train/aaaaamtj/s001_2012/01_tcp_ar/aaaaamtj_s001_t000.csv,train/aaaaamtj/s001_2012/01_tcp_ar/aaaaamtj_s001_t000.edf,data/raw/tusz_edf/train/aaaaamtj/s001_2012/01_tcp_ar/aaaaamtj_s001_t000.edf
train,aaaaamyy,aaaaamyy_s001_t001,data/metadata/tusz_annotations/train/aaaaamyy/s001_2012/01_tcp_ar/aaaaamyy_s001_t001.csv,train/aaaaamyy/s001_2012/01_tcp_ar/aaaaamyy_s001_t001.edf,data/raw/tusz_edf/train/aaaaamyy/s001_2012/01_tcp_ar/aaaaamyy_s001_t001.edf
train,aaaaanjw,aaaaanjw_s001_t000,data/metadata/tusz_annotations/train/aaaaanjw/s001_2012/01_tcp_ar/aaaaanjw_s001_t000.csv,train/aaaaanjw/s001_2012/01_tcp_ar/aaaaanjw_s001_t000.edf,data/raw/tusz_edf/train/aaaaanjw/s001_2012/01_tcp_ar/aaaaanjw_s001_t000.edf
train,aaaaankc,aaaaankc_s004_t005,data/metadata/tusz_annotations/train/aaaaankc/s004_2012/01_tcp_ar/aaaaankc_s004_t005.csv,train/aaaaankc/s004_2012/01_tcp_ar/aaaaankc_s004_t005.edf,data/raw/tusz_edf/train/aaaaankc/s004_2012/01_tcp_ar/aaaaankc_s004_t005.edf
train,aaaaaooo,aaaaaooo_s001_t000,data/metadata/tusz_annotations/train/aaaaaooo/s001_2013/01_tcp_ar/aaaaaooo_s001_t000.csv,train/aaaaaooo/s001_2013/01_tcp_ar/aaaaaooo_s001_t000.edf,data/raw/tusz_edf/train/aaaaaooo/s001_2013/01_tcp_ar/aaaaaooo_s001_t000.edf
train,aaaaaouk,aaaaaouk_s003_t001,data/metadata/tusz_annotations/train/aaaaaouk/s003_2013/01_tcp_ar/aaaaaouk_s003_t001.csv,train/aaaaaouk/s003_2013/01_tcp_ar/aaaaaouk_s003_t001.edf,data/raw/tusz_edf/train/aaaaaouk/s003_2013/01_tcp_ar/aaaaaouk_s003_t001.edf
train,aaaaaouk,aaaaaouk_s007_t001,data/metadata/tusz_annotations/train/aaaaaouk/s007_2013/01_tcp_ar/aaaaaouk_s007_t001.csv,train/aaaaaouk/s007_2013/01_tcp_ar/aaaaaouk_s007_t001.edf,data/raw/tusz_edf/train/aaaaaouk/s007_2013/01_tcp_ar/aaaaaouk_s007_t001.edf
train,aaaaaqkb,aaaaaqkb_s001_t001,data/metadata/tusz_annotations/train/aaaaaqkb/s001_2013/01_tcp_ar/aaaaaqkb_s001_t001.csv,train/aaaaaqkb/s001_2013/01_tcp_ar/aaaaaqkb_s001_t001.edf,data/raw/tusz_edf/train/aaaaaqkb/s001_2013/01_tcp_ar/aaaaaqkb_s001_t001.edf
train,aaaaarcs,aaaaarcs_s003_t001,data/metadata/tusz_annotations/train/aaaaarcs/s003_2014/01_tcp_ar/aaaaarcs_s003_t001.csv,train/aaaaarcs/s003_2014/01_tcp_ar/aaaaarcs_s003_t001.edf,data/raw/tusz_edf/train/aaaaarcs/s003_2014/01_tcp_ar/aaaaarcs_s003_t001.edf
train,aaaaardk,aaaaardk_s002_t002,data/metadata/tusz_annotations/train/aaaaardk/s002_2014/03_tcp_ar_a/aaaaardk_s002_t002.csv,train/aaaaardk/s002_2014/03_tcp_ar_a/aaaaardk_s002_t002.edf,data/raw/tusz_edf/train/aaaaardk/s002_2014/03_tcp_ar_a/aaaaardk_s002_t002.edf
train,aaaaardk,aaaaardk_s002_t009,data/metadata/tusz_annotations/train/aaaaardk/s002_2014/03_tcp_ar_a/aaaaardk_s002_t009.csv,train/aaaaardk/s002_2014/03_tcp_ar_a/aaaaardk_s002_t009.edf,data/raw/tusz_edf/train/aaaaardk/s002_2014/03_tcp_ar_a/aaaaardk_s002_t009.edf
train,aaaaarsm,aaaaarsm_s001_t000,data/metadata/tusz_annotations/train/aaaaarsm/s001_2014/01_tcp_ar/aaaaarsm_s001_t000.csv,train/aaaaarsm/s001_2014/01_tcp_ar/aaaaarsm_s001_t000.edf,data/raw/tusz_edf/train/aaaaarsm/s001_2014/01_tcp_ar/aaaaarsm_s001_t000.edf
train,aaaaarsm,aaaaarsm_s006_t001,data/metadata/tusz_annotations/train/aaaaarsm/s006_2014/01_tcp_ar/aaaaarsm_s006_t001.csv,train/aaaaarsm/s006_2014/01_tcp_ar/aaaaarsm_s006_t001.edf,data/raw/tusz_edf/train/aaaaarsm/s006_2014/01_tcp_ar/aaaaarsm_s006_t001.edf
train,aaaaasjh,aaaaasjh_s001_t001,data/metadata/tusz_annotations/train/aaaaasjh/s001_2015/01_tcp_ar/aaaaasjh_s001_t001.csv,train/aaaaasjh/s001_2015/01_tcp_ar/aaaaasjh_s001_t001.edf,data/raw/tusz_edf/train/aaaaasjh/s001_2015/01_tcp_ar/aaaaasjh_s001_t001.edf
train,aaaaastr,aaaaastr_s001_t000,data/metadata/tusz_annotations/train/aaaaastr/s001_2015/01_tcp_ar/aaaaastr_s001_t000.csv,train/aaaaastr/s001_2015/01_tcp_ar/aaaaastr_s001_t000.edf,data/raw/tusz_edf/train/aaaaastr/s001_2015/01_tcp_ar/aaaaastr_s001_t000.edf
