split,patient,recording
dev,aaaaaewf,aaaaaewf_s001_t001
dev,aaaaaewf,aaaaaewf_s003_t000
dev,aaaaaexe,aaaaaexe_s001_t001
dev,aaaaagbf,aaaaagbf_s001_t000
dev,aaaaahie,aaaaahie_s007_t002
dev,aaaaahie,aaaaahie_s007_t011
dev,aaaaahie,aaaaahie_s007_t014
dev,aaaaahie,aaaaahie_s007_t018
dev,aaaaahie,aaaaahie_s007_t026
dev,aaaaahie,aaaaahie_s007_t027
dev,aaaaahie,aaaaahie_s007_t030
dev,aaaaahie,aaaaahie_s007_t032
dev,aaaaahie,aaaaahie_s007_t033
dev,aaaaahie,aaaaahie_s007_t035
dev,aaaaahie,aaaaahie_s007_t036
dev,aaaaahie,aaaaahie_s007_t038
dev,aaaaahie,aaaaahie_s007_t041
dev,aaaaahie,aaaaahie_s008_t003
dev,aaaaahie,aaaaahie_s009_t001
dev,aaaaahie,aaaaahie_s009_t002
dev,aaaaahie,aaaaahie_s011_t001
dev,aaaaahie,aaaaahie_s018_t000
dev,aaaaahie,aaaaahie_s018_t001
dev,aaaaahie,aaaaahie_s021_t004
dev,aaaaaict,aaaaaict_s003_t000
dev,aaaaaiup,aaaaaiup_s001_t000
dev,aaaaamck,aaaaamck_s001_t001
dev,aaaaamnk,aaaaamnk_s002_t002
dev,aaaaampk,aaaaampk_s010_t009
dev,aaaaampk,aaaaampk_s010_t012
dev,aaaaamqq,aaaaamqq_s004_t006
dev,aaaaamqq,aaaaamqq_s007_t001
dev,aaaaamqq,aaaaamqq_s007_t003
dev,aaaaamta,aaaaamta_s001_t000
dev,aaaaaopm,aaaaaopm_s002_t001
dev,aaaaaqrs,aaaaaqrs_s001_t001
dev,aaaaarsp,aaaaarsp_s002_t000
dev,aaaaarsp,aaaaarsp_s002_t021
dev,aaaaarsp,aaaaarsp_s002_t027
dev,aaaaarsp,aaaaarsp_s002_t029
dev,aaaaarsp,aaaaarsp_s002_t030
dev,aaaaasgd,aaaaasgd_s001_t000
dev,aaaaaskf,aaaaaskf_s001_t000
dev,aaaaaskf,aaaaaskf_s001_t001
dev,aaaaatgc,aaaaatgc_s002_t000
eval,aaaaaarq,aaaaaarq_s014_t009
eval,aaaaardf,aaaaardf_s001_t001
eval,aaaaardf,aaaaardf_s003_t000
eval,aaaaarnq,aaaaarnq_s002_t001
eval,aaaaarnq,aaaaarnq_s002_t002
eval,aaaaarpu,aaaaarpu_s001_t004
eval,aaaaasip,aaaaasip_s004_t000
eval,aaaaasjz,aaaaasjz_s001_t000
train,aaaaaacz,aaaaaacz_s006_t000
train,aaaaaauj,aaaaaauj_s003_t001
train,aaaaabdv,aaaaabdv_s001_t001
train,aaaaabyy,aaaaabyy_s001_t001
train,aaaaacrb,aaaaacrb_s001_t001
train,aaaaacsx,aaaaacsx_s001_t000
train,aaaaaegi,aaaaaegi_s003_t000
train,aaaaaetk,aaaaaetk_s001_t002
train,aaaaaftk,aaaaaftk_s002_t001
train,aaaaafzt,aaaaafzt_s003_t000
train,aaaaagcs,aaaaagcs_s002_t000
train,aaaaajat,aaaaajat_s005_t001
train,aaaaajcd,aaaaajcd_s001_t000
train,aaaaalaw,aaaaalaw_s003_t000
train,aaaaalfs,aaaaalfs_s001_t000
train,aaaaalfs,aaaaalfs_s002_t000
train,aaaaalfs,aaaaalfs_s004_t000
train,aaaaalhf,aaaaalhf_s001_t000
train,aaaaalpj,aaaaalpj_s002_t001
train,aaaaamiz,aaaaamiz_s001_t000
train,aaaaamtj,aaaaamtj_s001_t000
train,aaaaamyy,aaaaamyy_s001_t001
train,aaaaanjw,aaaaanjw_s001_t000
train,aaaaankc,aaaaankc_s004_t005
train,aaaaaooo,aaaaaooo_s001_t000
train,aaaaaouk,aaaaaouk_s003_t001
train,aaaaaouk,aaaaaouk_s007_t001
train,aaaaaqkb,aaaaaqkb_s001_t001
train,aaaaarcs,aaaaarcs_s003_t001
train,aaaaardk,aaaaardk_s002_t002
train,aaaaardk,aaaaardk_s002_t009
train,aaaaarsm,aaaaarsm_s001_t000
train,aaaaarsm,aaaaarsm_s006_t001
train,aaaaasjh,aaaaasjh_s001_t001
train,aaaaastr,aaaaastr_s001_t000
