split,patient,recording,duration_sec,seizure_index,seizure_start_sec,seizure_end_sec,forecast_start_sec,forecast_end_sec,eligible
dev,aaaaaewf,aaaaaewf_s001_t001,1313.0,1,646.02,657.5333,46.01999999999998,346.02,True
dev,aaaaaewf,aaaaaewf_s003_t000,1636.0,2,1162.1111,1172.9444,562.1111000000001,862.1111000000001,True
dev,aaaaaexe,aaaaaexe_s001_t001,1426.0,4,1355.612,1363.312,755.6120000000001,1055.612,True
dev,aaaaagbf,aaaaagbf_s001_t000,1359.0,1,1126.768,1143.068,526.768,826.768,True
dev,aaaaahie,aaaaahie_s007_t002,1800.0,2,882.0494,903.9075,282.0494,582.0494,True
dev,aaaaahie,aaaaahie_s007_t011,1800.0,1,1606.7496,1632.0367,1006.7496000000001,1306.7496,True
dev,aaaaahie,aaaaahie_s007_t014,1800.0,1,1318.0447,1341.8485,718.0446999999999,1018.0446999999999,True
dev,aaaaahie,aaaaahie_s007_t018,1800.0,2,1073.9553,1086.6746,473.9553000000001,773.9553000000001,True
dev,aaaaahie,aaaaahie_s007_t026,1800.0,2,1744.4147,1766.5582,1144.4147,1444.4147,True
dev,aaaaahie,aaaaahie_s007_t027,1800.0,2,1083.1196,1108.5949,483.1196,783.1196,True
dev,aaaaahie,aaaaahie_s007_t030,1800.0,1,1210.0303,1220.0064,610.0302999999999,910.0302999999999,True
dev,aaaaahie,aaaaahie_s007_t032,1800.0,1,1366.2472,1385.9841,766.2472,1066.2472,True
dev,aaaaahie,aaaaahie_s007_t033,1800.0,2,1396.0686,1410.1595,796.0686000000001,1096.0686,True
dev,aaaaahie,aaaaahie_s007_t035,1800.0,1,942.0766,954.0144,342.0766,642.0766,True
dev,aaaaahie,aaaaahie_s007_t036,1800.0,1,600.0207,619.925,0.02070000000003347,300.02070000000003,True
dev,aaaaahie,aaaaahie_s007_t038,1800.0,1,981.9171,996.1914,381.9171,681.9171,True
dev,aaaaahie,aaaaahie_s007_t041,1800.0,1,1362.0494,1383.3174,762.0494000000001,1062.0494,True
dev,aaaaahie,aaaaahie_s008_t003,1634.0,1,800.0145,940.0813,200.0145,500.0145,True
dev,aaaaahie,aaaaahie_s009_t001,1800.0,2,1040.0718,1074.1228,440.07179999999994,740.0717999999999,True
dev,aaaaahie,aaaaahie_s009_t002,1800.0,1,1549.9649,1596.1292,949.9649,1249.9649,True
dev,aaaaahie,aaaaahie_s011_t001,1800.0,1,837.9362,857.6093,237.93619999999999,537.9362,True
dev,aaaaahie,aaaaahie_s018_t000,1800.0,1,958.8134,985.2169,358.8134,658.8134,True
dev,aaaaahie,aaaaahie_s018_t000,1800.0,2,1631.0207,1656.571,1031.0207,1331.0207,True
dev,aaaaahie,aaaaahie_s018_t001,1800.0,1,651.2041,686.4833,51.20410000000004,351.20410000000004,True
dev,aaaaahie,aaaaahie_s021_t004,901.0,1,612.9816,672.9698,12.981599999999958,312.98159999999996,True
dev,aaaaaict,aaaaaict_s003_t000,1228.0,2,1158.7778,1170.3889,558.7778000000001,858.7778000000001,True
dev,aaaaaiup,aaaaaiup_s001_t000,1800.0,7,1590.6013,1626.4705,990.6013,1290.6013,True
dev,aaaaamck,aaaaamck_s001_t001,1280.0,1,668.0071,735.9573,68.00710000000004,368.00710000000004,True
dev,aaaaamnk,aaaaamnk_s002_t002,1800.0,1,649.303,681.177,49.303,349.303,True
dev,aaaaampk,aaaaampk_s010_t009,1800.0,2,830.0159,849.2026,230.0159,530.0159,True
dev,aaaaampk,aaaaampk_s010_t012,1194.0,2,1141.2967,1156.5837,541.2967000000001,841.2967000000001,True
dev,aaaaamqq,aaaaamqq_s004_t006,888.0,2,667.9905,713.0409,67.9905,367.9905,True
dev,aaaaamqq,aaaaamqq_s007_t001,1800.0,1,689.9394,759.1898,89.93939999999998,389.9394,True
dev,aaaaamqq,aaaaamqq_s007_t003,1800.0,2,777.9553,906.0,177.95529999999997,477.95529999999997,True
dev,aaaaamta,aaaaamta_s001_t000,1466.0,1,1328.0379,1376.0522,728.0379,1028.0379,True
dev,aaaaaopm,aaaaaopm_s002_t001,1800.0,1,990.0144,1020.0159,390.0144,690.0144,True
dev,aaaaaqrs,aaaaaqrs_s001_t001,747.0,2,674.0556,739.0129,74.05560000000003,374.0556,True
dev,aaaaarsp,aaaaarsp_s002_t000,1800.0,1,1502.7735,1604.5104,902.7735,1202.7735,True
dev,aaaaarsp,aaaaarsp_s002_t021,1800.0,1,815.9809,852.1451,215.98090000000002,515.9809,True
dev,aaaaarsp,aaaaarsp_s002_t027,1800.0,1,1140.89,1227.11,540.8900000000001,840.8900000000001,True
dev,aaaaarsp,aaaaarsp_s002_t029,1800.0,1,1478.0813,1522.1563,878.0813,1178.0813,True
dev,aaaaarsp,aaaaarsp_s002_t030,1800.0,1,820.0367,862.1818,220.0367,520.0367,True
dev,aaaaasgd,aaaaasgd_s001_t000,1800.0,2,1042.0287,1062.7624,442.0287000000001,742.0287000000001,True
dev,aaaaaskf,aaaaaskf_s001_t000,1800.0,2,1416.0128,1450.1435,816.0128,1116.0128,True
dev,aaaaaskf,aaaaaskf_s001_t001,1800.0,1,630.0287,652.0861,30.028699999999958,330.02869999999996,True
dev,aaaaatgc,aaaaatgc_s002_t000,1346.0,1,978.1667,1029.1667,378.1667,678.1667,True
eval,aaaaaarq,aaaaaarq_s014_t009,1601.0,1,642.9994,690.9366,42.99940000000004,342.99940000000004,True
eval,aaaaardf,aaaaardf_s001_t001,1800.0,1,822.2992,929.9221,222.29920000000004,522.2992,True
eval,aaaaardf,aaaaardf_s003_t000,1800.0,1,1410.0123,1460.1148,810.0123000000001,1110.0123,True
eval,aaaaarnq,aaaaarnq_s002_t001,1800.0,2,1265.0943,1283.8443,665.0943,965.0943,True
eval,aaaaarnq,aaaaarnq_s002_t002,1784.0,2,1284.9729,1306.0016,684.9729,984.9729,True
eval,aaaaarpu,aaaaarpu_s001_t004,1370.0,1,1288.9852,1332.1262,688.9852000000001,988.9852000000001,True
eval,aaaaasip,aaaaasip_s004_t000,1327.0,2,998.0717,1124.5027,398.07169999999996,698.0717,True
eval,aaaaasjz,aaaaasjz_s001_t000,1321.0,3,902.0067,930.1342,302.0067,602.0067,True
train,aaaaaacz,aaaaaacz_s006_t000,1391.0,2,1140.0394,1185.0722,540.0393999999999,840.0393999999999,True
train,aaaaaauj,aaaaaauj_s003_t001,1383.0,3,1317.0,1375.485,717.0,1017.0,True
train,aaaaabdv,aaaaabdv_s001_t001,1240.0,1,820.984,866.016,220.98400000000004,520.984,True
train,aaaaabyy,aaaaabyy_s001_t001,1288.0,1,872.984,1092.968,272.98400000000004,572.984,True
train,aaaaacrb,aaaaacrb_s001_t001,1241.0,2,786.548,806.372,186.548,486.548,True
train,aaaaacsx,aaaaacsx_s001_t000,1346.0,1,1142.072,1172.0666,542.0719999999999,842.0719999999999,True
train,aaaaaegi,aaaaaegi_s003_t000,1428.0,3,982.576,1057.132,382.576,682.576,True
train,aaaaaetk,aaaaaetk_s001_t002,1234.0,2,744.8675,865.8439,144.86749999999995,444.86749999999995,True
train,aaaaaftk,aaaaaftk_s002_t001,1158.0,2,1136.0,1156.992,536.0,836.0,True
train,aaaaafzt,aaaaafzt_s003_t000,1338.0,1,749.0451,808.1053,149.04510000000005,449.04510000000005,True
train,aaaaagcs,aaaaagcs_s002_t000,1304.0,1,938.132,987.48,338.13199999999995,638.132,True
train,aaaaajat,aaaaajat_s005_t001,1240.0,1,600.2622,695.592,0.2622000000000071,300.2622,True
train,aaaaajcd,aaaaajcd_s001_t000,1315.0,1,696.056,776.948,96.05600000000004,396.05600000000004,True
train,aaaaalaw,aaaaalaw_s003_t000,1558.0,1,650.3862,709.9867,50.38620000000003,350.38620000000003,True
train,aaaaalfs,aaaaalfs_s001_t000,1207.0,1,865.0078,959.5156,265.0078,565.0078,True
train,aaaaalfs,aaaaalfs_s002_t000,1739.0,1,994.1348,1070.1678,394.13480000000004,694.1348,True
train,aaaaalfs,aaaaalfs_s004_t000,1448.0,2,757.912,881.604,157.91200000000003,457.91200000000003,True
train,aaaaalhf,aaaaalhf_s001_t000,1376.0,2,1195.444,1291.972,595.444,895.444,True
train,aaaaalpj,aaaaalpj_s002_t001,1503.0,1,601.72,757.9662,1.7200000000000273,301.72,True
train,aaaaamiz,aaaaamiz_s001_t000,1444.0,1,1077.9545,1159.3418,477.95450000000005,777.9545,True
train,aaaaamtj,aaaaamtj_s001_t000,1248.0,1,1192.9014,1206.2671,592.9014,892.9014,True
train,aaaaamyy,aaaaamyy_s001_t001,1258.0,1,870.7479,889.9748,270.74789999999996,570.7479,True
train,aaaaanjw,aaaaanjw_s001_t000,1115.0,1,714.9256,755.5472,114.92560000000003,414.92560000000003,True
train,aaaaankc,aaaaankc_s004_t005,1483.0,1,698.4669,855.7376,98.46690000000001,398.4669,True
train,aaaaaooo,aaaaaooo_s001_t000,1568.0,15,1379.0354,1392.0774,779.0354,1079.0354,True
train,aaaaaouk,aaaaaouk_s003_t001,1296.0,2,889.1376,910.0033,289.1376,589.1376,True
train,aaaaaouk,aaaaaouk_s007_t001,1384.0,1,653.9711,677.015,53.97109999999998,353.9711,True
train,aaaaaqkb,aaaaaqkb_s001_t001,742.0,1,601.861,639.1907,1.86099999999999,301.861,True
train,aaaaarcs,aaaaarcs_s003_t001,1083.0,1,725.9859,753.7614,125.98590000000002,425.9859,True
train,aaaaardk,aaaaardk_s002_t002,1800.0,2,1520.1643,1547.1579,920.1642999999999,1220.1643,True
train,aaaaardk,aaaaardk_s002_t009,1299.0,2,912.9101,972.5327,312.91010000000006,612.9101,True
train,aaaaarsm,aaaaarsm_s001_t000,1264.0,2,807.9909,953.6767,207.9909,507.9909,True
train,aaaaarsm,aaaaarsm_s006_t001,914.0,2,886.9478,913.0,286.94780000000003,586.9478,True
train,aaaaasjh,aaaaasjh_s001_t001,1119.0,1,717.9315,744.8503,117.93150000000003,417.9315,True
train,aaaaastr,aaaaastr_s001_t000,1697.0,1,690.4295,724.6644,90.42949999999996,390.42949999999996,True
