split,patient,recording,start_sec,end_sec,label,min,max,mean,std,peak_to_peak,zero_fraction,nan_count,inf_count,flat,usable
dev,aaaaaewf,aaaaaewf_s001_t001,46.01999999999998,51.01999999999998,1,-0.000181987349162225,0.00016897519211505534,-1.1678755589366462e-06,2.823539287738066e-05,0.00035096254127728034,0.0,0,0,False,True
dev,aaaaahie,aaaaahie_s018_t000,1106.0207,1111.0207,1,-3.673572611441936e-05,3.390905384601144e-05,1.5994660422488994e-07,8.556737363990297e-06,7.064477996043079e-05,0.0,0,0,False,True
dev,aaaaaskf,aaaaaskf_s001_t001,180.02869999999996,185.0287,1,-0.00011716336105940899,7.709296866444832e-05,-3.964003486311451e-08,9.950536169293301e-06,0.0001942563297238573,0.0,0,0,False,True
train,aaaaajcd,aaaaajcd_s001_t000,321.05600000000004,326.05600000000004,1,-8.033602216281363e-05,0.00010933513547730972,1.678229518570408e-07,1.3526634350133986e-05,0.00018967115764012335,0.0,0,0,False,True
train,aaaaastr,aaaaastr_s001_t000,385.4295,390.4295,1,-4.487335586036536e-05,6.283129018851243e-05,1.537677608962517e-07,7.883348138924228e-06,0.00010770464604887779,0.0,0,0,False,True
dev,aaaaaewf,aaaaaewf_s001_t001,0.0,5.0,0,0.0,0.0,0.0,0.0,0.0,1.0,0,0,True,False
dev,aaaaahie,aaaaahie_s007_t038,285.0,290.0,0,-8.704528397736967e-05,5.586489179834324e-05,-1.9685494349800847e-08,1.3221606003605787e-05,0.0001429101757757129,0.0,0,0,False,True
dev,aaaaarsp,aaaaarsp_s002_t000,255.0,260.0,0,-0.0001897566844564318,0.00017875797748966856,-4.379329580870067e-08,1.6938798703043315e-05,0.0003685146619461004,0.0,0,0,False,True
eval,aaaaardf,aaaaardf_s003_t000,670.0,675.0,0,-8.311407214893338e-05,6.600688672438124e-05,-1.24780771824479e-07,1.1528951603154508e-05,0.0001491209588733146,0.0,0,0,False,True
train,aaaaastr,aaaaastr_s001_t000,85.0,90.0,0,-0.000330517884406983,0.00033886594298389067,3.795851376939912e-07,1.282532872858302e-05,0.0006693838273908737,0.0,0,0,False,True
