epoch,train_loss,train_accuracy,dev_loss,dev_accuracy
1,0.6823831221301718,0.5687409551374819,0.7668898674780129,0.45128489554446294
2,0.664732865504004,0.6273516642547033,0.7542331331669678,0.45701608430393786
3,0.6440492437130808,0.6150506512301013,0.8092160314062559,0.4337215751525236
4,0.6314574960516779,0.6172214182344429,0.8716174800738893,0.4420410427066001
5,0.6166849373563499,0.6581041968162084,0.7992353228362128,0.43094841930116473
6,0.6063444778301609,0.6729377713458755,0.8079594924018396,0.4337215751525236
7,0.5899266114110712,0.6823444283646889,0.8412750227423996,0.44074690330929933
8,0.589143491429634,0.6917510853835022,0.7603094959120187,0.44000739508227027
9,0.5624440578493126,0.697178002894356,1.0950561681578794,0.4451839526714735
